{
  "n_sites": 17,
  "min_energy": 14810.466964859017,
  "max_energy": 15024.167709578314,
  "mean_energy": 14901.751210832148,
  "std_energy": 71.7963296195029,
  "energy_range": 213.7007447192973
}