{
  "Isia_A_CLA_501": -26.693647874673804,
  "Isia_A_CLA_502": -72.17347720373196,
  "Isia_A_CLA_503": -63.01574822219733,
  "Isia_A_CLA_504": 109.24312171292438,
  "Isia_A_CLA_505": -16.967159761697438,
  "Isia_A_CLA_506": 89.86513904538732,
  "Isia_A_CLA_507": -55.34595174213675,
  "Isia_A_CLA_508": -59.40319248621452,
  "Isia_A_CLA_509": -41.00841214947654,
  "Isia_A_CLA_510": 34.84841159909369,
  "Isia_A_CLA_511": -89.53303514098214,
  "Isia_A_CLA_512": -77.54925780435482,
  "Isia_A_CLA_513": 124.16770957831346,
  "Isia_A_CLA_516": 74.16275113207672,
  "Isia_A_CLA_517": 105.95363266937558,
  "Isia_A_CLA_518": -33.448940215164875,
  "Isia_A_CLA_519": 26.668641009970436
}