{
  "Isia_A_CLA_501": 14873.306352125326,
  "Isia_A_CLA_502": 14827.826522796267,
  "Isia_A_CLA_503": 14836.984251777803,
  "Isia_A_CLA_504": 15009.243121712925,
  "Isia_A_CLA_505": 14883.032840238302,
  "Isia_A_CLA_506": 14989.865139045387,
  "Isia_A_CLA_507": 14844.654048257864,
  "Isia_A_CLA_508": 14840.596807513786,
  "Isia_A_CLA_509": 14858.991587850524,
  "Isia_A_CLA_510": 14934.848411599094,
  "Isia_A_CLA_511": 14810.466964859017,
  "Isia_A_CLA_512": 14822.450742195646,
  "Isia_A_CLA_513": 15024.167709578314,
  "Isia_A_CLA_516": 14974.162751132077,
  "Isia_A_CLA_517": 15005.953632669376,
  "Isia_A_CLA_518": 14866.551059784835,
  "Isia_A_CLA_519": 14926.66864100997
}